都道府県コード又は市区町村コード,NO,都道府県名,市区町村名,名称,名称_カナ,名称_通称,名称_英語,文化財分類,種類,場所名称,愛媛県松山市住所,方書,緯度,経度,電話番号,内線番号,数,単位,法人番号,所有者等,文化財指定日,利用可能曜日,開始時間,終了時間,利用可能日時特記事項,画像,画像_ライセンス,概要,概要_英語,説明,説明_英語,URL,備考
382019,0000000001,愛媛県,松山市,石手寺二王門,イシテジニオウモン,,,国宝,建造物,,愛媛県松山市石手2,,33.84750047,132.7965469,,,1,棟,,,1952-11-22,,,,,,,,,,,http://www.city.matsuyama.ehime.jp/kanko/kankoguide/rekishibunka/bunkazai/kuni/isiteji_nioumon.html,
382019,0000000002,愛媛県,松山市,大宝寺本堂　附　厨子１基　棟札１枚,タイホウジホンドウ　ツケタリ　ズシ　ムナフダ,,,国宝,建造物,,愛媛県松山市南江戸5,,33.84174141,132.7422099,,,1,棟,,,1953-03-31,,,,,,,,,,,http://www.city.matsuyama.ehime.jp/kanko/kankoguide/rekishibunka/bunkazai/kuni/taihouji_hondou.html,
382019,0000000003,愛媛県,松山市,太山寺本堂,タイサンジホンドウ,,,国宝,建造物,,愛媛県松山市太山寺町,,33.88504027,132.7149663,,,1,棟,,,1956-06-28,,,,,,,,,,,http://www.city.matsuyama.ehime.jp/kanko/kankoguide/rekishibunka/bunkazai/kuni/taisannji_hondou.html,
382019,0000000004,愛媛県,松山市,太山寺二王門,タイサンジニオウモン,,,重要文化財,建造物,,愛媛県松山市太山寺町,,33.8839958,132.7200092,,,1,棟,,,1904-08-29,,,,,,,,,,,http://www.city.matsuyama.ehime.jp/kanko/kankoguide/rekishibunka/bunkazai/kuni/taisanji_nioumon.html,
382019,0000000005,愛媛県,松山市,石手寺本堂　附 銘札１枚、棟札３枚,イシテジホンドウ　ツケタリ　メイサツ　ムナフダ　,,,重要文化財,建造物,,愛媛県松山市石手2,,33.84787242,132.7964859,,,1,棟,,,1907-05-27,,,,,,,,,,,http://www.city.matsuyama.ehime.jp/kanko/kankoguide/rekishibunka/bunkazai/kuni/isiteji_hondou.html,
382019,0000000006,愛媛県,松山市,石手寺三重塔　附 棟札１枚,イシテジサンジュウトウ　ツケタリ　ムナフダ,,,重要文化財,建造物,,愛媛県松山市石手2,,33.84772345,132.7967028,,,1,棟,,,1907-05-27,,,,,,,,,,,http://www.city.matsuyama.ehime.jp/kanko/kankoguide/rekishibunka/bunkazai/kuni/isiteji_sannjuunotou.html,
382019,0000000007,愛媛県,松山市,石手寺鐘楼,イシテジショウロウ,,,重要文化財,建造物,,愛媛県松山市石手2,,33.84763646,132.7968318,,,1,棟,,,1907-05-27,,,,,,,,,,,http://www.city.matsuyama.ehime.jp/kanko/kankoguide/rekishibunka/bunkazai/kuni/isiteji_shourou.html,
382019,0000000008,愛媛県,松山市,石手寺五輪塔,イシテジゴリントウ,,,重要文化財,建造物,,愛媛県松山市石手2,,33.84919523,132.7965139,,,1,基,,,1952-11-22,,,,,,,,,,,http://www.city.matsuyama.ehime.jp/kanko/kankoguide/rekishibunka/bunkazai/kuni/isiteji_gorintou.html,
382019,0000000009,愛媛県,松山市,石手寺訶梨帝母天堂,イシテジカリテイモテンドウ,,,重要文化財,建造物,,愛媛県松山市石手2,,33.84800441,132.7968788,,,1,棟,,,1953-03-31,,,,,,,,,,,http://www.city.matsuyama.ehime.jp/kanko/kankoguide/rekishibunka/bunkazai/kuni/isiteji_kariteimo.html,
382019,0000000010,愛媛県,松山市,石手寺護摩堂　附　棟札２枚,イシテジゴマドウ　ツケタリ　ムナフダ,,,重要文化財,建造物,,愛媛県松山市石手2,,33.84784743,132.7968848,,,1,棟,,,1953-03-31,,,,,,,,,,,http://www.city.matsuyama.ehime.jp/kanko/kankoguide/rekishibunka/bunkazai/kuni/isiteji_gomadou.html,
382019,0000000011,愛媛県,松山市,松山城天守,マツヤマジョウテンシュ,,,重要文化財,建造物,,愛媛県松山市丸之内,,33.84553972,132.7656948,,,1,棟,,,1935-05-13,,,,,,,,,,,http://www.city.matsuyama.ehime.jp/kanko/kankoguide/rekishibunka/bunkazai/kuni/matsuyamajou_tenshu.html,
382019,0000000012,愛媛県,松山市,松山城三の門南櫓,マツヤマジョウサンノモンミナミヤグラ,,,重要文化財,建造物,,愛媛県松山市丸之内,,33.84542374,132.7658537,,,1,棟,,,1935-05-13,,,,,,,,,,,http://www.city.matsuyama.ehime.jp/kanko/kankoguide/rekishibunka/bunkazai/kuni/3nomon_minamiyagura.html,
382019,0000000013,愛媛県,松山市,松山城二の門南櫓,マツヤマジョウニノモンミナミヤグラ,,,重要文化財,建造物,,愛媛県松山市丸之内,,33.84533876,132.7660057,,,1,棟,,,1935-05-13,,,,,,,,,,,http://www.city.matsuyama.ehime.jp/kanko/kankoguide/rekishibunka/bunkazai/kuni/2nomon_minamiyagura.html,
382019,0000000014,愛媛県,松山市,松山城一の門南櫓,マツヤマジョウイチノモンミナミヤグラ,,,重要文化財,建造物,,愛媛県松山市丸之内,,33.84530876,132.7657967,,,1,棟,,,1935-05-13,,,,,,,,,,,http://www.city.matsuyama.ehime.jp/kanko/kankoguide/rekishibunka/bunkazai/kuni/1nomon_minamiyagura.html,
382019,0000000015,愛媛県,松山市,松山城乾櫓,マツヤマジョウイヌイヤグラ,,,重要文化財,建造物,,愛媛県松山市丸之内,,33.84529173,132.7648378,,,1,棟,,,1935-05-13,,,,,,,,,,,http://www.city.matsuyama.ehime.jp/kanko/kankoguide/rekishibunka/bunkazai/kuni/inuiyagura.html,
382019,0000000016,愛媛県,松山市,松山城野原櫓,マツヤマジョウノハラヤグラ,,,重要文化財,建造物,,愛媛県松山市丸之内,,33.8455897,132.7651038,,,1,棟,,,1935-05-13,,,,,,,,,,,http://www.city.matsuyama.ehime.jp/kanko/kankoguide/rekishibunka/bunkazai/kuni/noharayagura.html,
382019,0000000017,愛媛県,松山市,松山城仕切門,マツヤマジョウシキリモン,,,重要文化財,建造物,,愛媛県松山市丸之内,,33.84567371,132.7656848,,,1,棟,,,1935-05-13,,,,,,,,,,,http://www.city.matsuyama.ehime.jp/kanko/kankoguide/rekishibunka/bunkazai/kuni/sikiromon.html,
382019,0000000018,愛媛県,松山市,松山城三の門,マツヤマジョウサンノモン,,,重要文化財,建造物,,愛媛県松山市丸之内,,33.84547974,132.7658677,,,1,棟,,,1935-05-13,,,,,,,,,,,http://www.city.matsuyama.ehime.jp/kanko/kankoguide/rekishibunka/bunkazai/kuni/matsuyamajou_3nomon.html,
382019,0000000019,愛媛県,松山市,松山城二の門,マツヤマジョウニノモン,,,重要文化財,建造物,,愛媛県松山市丸之内,,33.84543175,132.7659557,,,1,棟,,,1935-05-13,,,,,,,,,,,http://www.city.matsuyama.ehime.jp/kanko/kankoguide/rekishibunka/bunkazai/kuni/matsuyamajou_2nomon.html,
382019,0000000020,愛媛県,松山市,松山城一の門,マツヤマジョウイチノモン,,,重要文化財,建造物,,愛媛県松山市丸之内,,33.84535875,132.7657997,,,1,棟,,,1935-05-13,,,,,,,,,,,http://www.city.matsuyama.ehime.jp/kanko/kankoguide/rekishibunka/bunkazai/kuni/matsuyamajou_1nomon.html,
382019,0000000021,愛媛県,松山市,松山城紫竹門,マツヤマジョウシチクモン,,,重要文化財,建造物,,愛媛県松山市丸之内,,33.84522277,132.7657358,,,1,棟,,,1935-05-13,,,,,,,,,,,http://www.city.matsuyama.ehime.jp/kanko/kankoguide/rekishibunka/bunkazai/kuni/sichikumon.html,
382019,0000000022,愛媛県,松山市,松山城隠門,マツヤマジョウカクレモン,,,重要文化財,建造物,,愛媛県松山市丸之内,,33.843705,132.7669306,,,1,棟,,,1935-05-13,,,,,,,,,,,http://www.city.matsuyama.ehime.jp/kanko/kankoguide/rekishibunka/bunkazai/kuni/kakuremon.html,
382019,0000000023,愛媛県,松山市,松山城隠門続櫓,マツヤマジョウカクレモンツヅキヤグラ,,,重要文化財,建造物,,愛媛県松山市丸之内,,33.84376299,132.7669616,,,1,棟,,,1935-05-13,,,,,,,,,,,http://www.city.matsuyama.ehime.jp/kanko/kankoguide/rekishibunka/bunkazai/kuni/kakuremon_tuduki.html,
382019,0000000024,愛媛県,松山市,松山城戸無門,マツヤマジョウトナシモン,,,重要文化財,建造物,,愛媛県松山市丸之内,,33.843592,132.7666266,,,1,棟,,,1935-05-13,,,,,,,,,,,http://www.city.matsuyama.ehime.jp/kanko/kankoguide/rekishibunka/bunkazai/kuni/tonasimon.html,
382019,0000000025,愛媛県,松山市,松山城仕切門内塀,マツヤマジョウシキリモンウチベイ,,,重要文化財,建造物,,愛媛県松山市丸之内,,33.8456877,132.7656138,,,1,棟,,,1935-05-13,,,,,,,,,,,http://www.city.matsuyama.ehime.jp/kanko/kankoguide/rekishibunka/bunkazai/kuni/sikirimon_uchibei.html,
382019,0000000026,愛媛県,松山市,松山城三の門東塀,マツヤマジョウサンノモンヒガシベイ,,,重要文化財,建造物,,愛媛県松山市丸之内,,33.84545174,132.7660157,,,1,棟,,,1935-05-13,,,,,,,,,,,http://www.city.matsuyama.ehime.jp/kanko/kankoguide/rekishibunka/bunkazai/kuni/3nomon_higasibei.html,
382019,0000000027,愛媛県,松山市,松山城筋鉄門東塀,マツヤマジョウスジガネモンヒガシベイ,,,重要文化財,建造物,,愛媛県松山市丸之内,,33.84538975,132.7657388,,,1,棟,,,1935-05-13,,,,,,,,,,,http://www.city.matsuyama.ehime.jp/kanko/kankoguide/rekishibunka/bunkazai/kuni/sujiganemon_higashi.html,
382019,0000000028,愛媛県,松山市,松山城二の門東塀,マツヤマジョウニノモンヒガシベイ,,,重要文化財,建造物,,愛媛県松山市丸之内,,33.84540875,132.7660197,,,1,棟,,,1935-05-13,,,,,,,,,,,http://www.city.matsuyama.ehime.jp/kanko/kankoguide/rekishibunka/bunkazai/kuni/2nomon_higasibei.html,
382019,0000000029,愛媛県,松山市,松山城一の門東塀,マツヤマジョウイチノモンヒガシベイ,,,重要文化財,建造物,,愛媛県松山市丸之内,,33.84531076,132.7659247,,,1,棟,,,1935-05-13,,,,,,,,,,,http://www.city.matsuyama.ehime.jp/kanko/kankoguide/rekishibunka/bunkazai/kuni/1nomon_higasibei.html,
382019,0000000030,愛媛県,松山市,松山城紫竹門東塀,マツヤマジョウシチクモンヒガシベイ,,,重要文化財,建造物,,愛媛県松山市丸之内,,33.84523177,132.7657797,,,1,棟,,,1935-05-13,,,,,,,,,,,http://www.city.matsuyama.ehime.jp/kanko/kankoguide/rekishibunka/bunkazai/kuni/shichikumon_higashi.html,
382019,0000000031,愛媛県,松山市,松山城紫竹門西塀,マツヤマジョウシチクモンニシベイ,,,重要文化財,建造物,,愛媛県松山市丸之内,,33.84521777,132.7656718,,,1,棟,,,1935-05-13,,,,,,,,,,,http://www.city.matsuyama.ehime.jp/kanko/kankoguide/rekishibunka/bunkazai/kuni/shichikumon_nishi.html,
382019,0000000032,愛媛県,松山市,浄土寺本堂　　附厨子１基,ジョウドジホンドウ　ツケタリ　ズシ,,,重要文化財,建造物,,愛媛県松山市鷹子町,,33.81682359,132.8079032,,,1,棟,,,1953-03-31,,,,,,,,,,,http://www.city.matsuyama.ehime.jp/kanko/kankoguide/rekishibunka/bunkazai/kuni/joudoji_hondou.html,
382019,0000000033,愛媛県,松山市,伊佐爾波神社　本殿,イサニワジンジャ　ホンデン,,,重要文化財,建造物,,愛媛県松山市桜谷町,,33.85074276,132.7888577,,,1,棟,,,1956-06-28,,,,,,,,,,,http://www.city.matsuyama.ehime.jp/kanko/kankoguide/rekishibunka/bunkazai/kuni/isaniwa_honden.html,
382019,0000000034,愛媛県,松山市,伊佐爾波神社　申殿及び廊下、楼門、回廊,イサニワジンジャ　モウシドノオヨビロウカ　ロウモン　カイロウ,,,重要文化財,建造物,,愛媛県松山市桜谷町,,33.85074276,132.7888577,,,3,棟,,,1967-06-15,,,,,,,,,,,http://www.city.matsuyama.ehime.jp/kanko/kankoguide/rekishibunka/bunkazai/kuni/isaniwa_honden.html,
382019,0000000035,愛媛県,松山市,豊島家住宅,トシマケジュウタク,,,重要文化財,建造物,,愛媛県松山市井門町,,33.79817835,132.7803751,,,7,棟,,,1970-06-17,,,,,,,,,,,http://www.city.matsuyama.ehime.jp/kanko/kankoguide/rekishibunka/bunkazai/kuni/toshimake_juutaku.html,
382019,0000000036,愛媛県,松山市,渡部家住宅,ワタナベケジュウタク,,,重要文化財,建造物,,愛媛県松山市東方町,,33.76834668,132.8168584,,,4,棟,,,1970-06-17,,,,,,,,,,,http://www.city.matsuyama.ehime.jp/kanko/kankoguide/rekishibunka/bunkazai/kuni/watanabeke_juutaku.html,
382019,0000000037,愛媛県,松山市,道後温泉本館,ドウゴオンセンホンカン,,,重要文化財,建造物,,愛媛県松山市道後湯之町,,33.85205391,132.7864069,,,4,棟,,,1994-12-27,,,,,,,,,,,http://www.city.matsuyama.ehime.jp/kanko/kankoguide/rekishibunka/bunkazai/kuni/dougoonsen_honkan.html,
382019,0000000038,愛媛県,松山市,久米官衙遺跡群　久米官衙遺跡　来住廃寺跡,クメカンガイセキグン　クメカンガイセキ　キシハイジアト,,,史跡,その他,,愛媛県松山市来住町,,33.81017113,132.8016049,,,,,,,1979-04-21,,,,,,,,,,,http://www.city.matsuyama.ehime.jp/kanko/kankoguide/rekishibunka/bunkazai/kuni/kumekanga_isekigun.html,
382019,0000000039,愛媛県,松山市,湯築城跡,ユヅキジョウアト,,,史跡,その他,,愛媛県松山市道後公園,,33.84831692,132.7866734,,,,,,,2002-09-20,,,,,,,,,,,http://www.city.matsuyama.ehime.jp/kanko/kankoguide/rekishibunka/bunkazai/kuni/yudukijou_ato.html,
382019,0000000040,愛媛県,松山市,エヒメアヤメ自生南限地帯,エヒメアヤメジセイナンゲンチタイ,,,天然記念物,その他,,愛媛県松山市下難波乙,,33.99223385,132.7875434,,,,,,,1925-10-08,,,,,,,,,,,http://www.city.matsuyama.ehime.jp/kanko/kankoguide/rekishibunka/bunkazai/kuni/ehimeayame.html,
382019,0000000041,愛媛県,松山市,石造　湯釜,セキゾウ　ユガマ,,,県指定有形文化財,建造物,,愛媛県松山市道後公園,,33.84957884,132.7864239,,,1,基,,,1954-11-24,,,,,,,,,,,http://www.city.matsuyama.ehime.jp/kanko/kankoguide/rekishibunka/bunkazai/ken/isudukuri_yugama.html,
382019,0000000042,愛媛県,松山市,円明寺八脚門,エンミョウジハッキャクモン,,,県指定有形文化財,建造物,,愛媛県松山市和気町1,,33.89132101,132.7396529,,,1,棟,,,1956-11-03,,,,,,,,,,,http://www.city.matsuyama.ehime.jp/kanko/kankoguide/rekishibunka/bunkazai/ken/enmyouji_hakkyakumon.html,
382019,0000000043,愛媛県,松山市,円明寺厨子,エンミョウジズシ,,,県指定有形文化財,建造物,,愛媛県松山市和気町1,,33.89179097,132.7396629,,,1,基,,,1956-11-03,,,,,,,,,,,http://www.city.matsuyama.ehime.jp/kanko/kankoguide/rekishibunka/bunkazai/ken/enmyouji_zushi.html,
382019,0000000044,愛媛県,松山市,明教館,メイキョウカン,,,県指定有形文化財,建造物,,愛媛県松山市持田町2,,33.84254755,132.7799419,,,1,棟,,,1969-02-18,,,,,,,,,,,http://www.city.matsuyama.ehime.jp/kanko/kankoguide/rekishibunka/bunkazai/ken/maikyoukan.html,
382019,0000000045,愛媛県,松山市,萬翠荘（旧久松家別邸）,バンスイソウ（キュウヒサマツケベッテイ）,,,重要文化財,建造物,,愛媛県松山市一番町3,,33.84252119,132.7682055,,,2,棟,,,2011-11-29,,,,,,,,,,,http://tnlscm01.city.matsuyama.ehime.jp:10080/5644e075-cb0a-4dcf-ae1e-9fb6a61f7e7c/bansuisou2016000800.html,
382019,0000000046,愛媛県,松山市,国津比古命神社楼門,クニツヒコノミコトジンジャロウモン,,,県指定有形文化財,建造物,,愛媛県松山市高田,,33.97114664,132.7967168,,,1,棟,,,1951-11-27,,,,,,,,,,,http://www.city.matsuyama.ehime.jp/kanko/kankoguide/rekishibunka/bunkazai/ken/kunituhiko_roumon.html,
382019,0000000047,愛媛県,松山市,雲門寺厨子　附神像１躯,ウンモンジズシ　ツケタリ　シンゾウ,,,県指定有形文化財,建造物,,愛媛県松山市本谷,,33.93026737,132.7834353,,,1,基,,,1965-12-24,,,,,,,,,,,http://www.city.matsuyama.ehime.jp/kanko/kankoguide/rekishibunka/bunkazai/ken/unmonji_zusi.html,
382019,0000000048,愛媛県,松山市,石造宝篋印塔,セキゾウホウキョウイントウ,,,県指定有形文化財,建造物,,愛媛県松山市八反地,,33.96776998,132.7952091,,,1,基,,,1976-04-16,,,,,,,,,,,http://www.city.matsuyama.ehime.jp/kanko/kankoguide/rekishibunka/bunkazai/ken/hattanchihoutouinkyo.html,
382019,0000000049,愛媛県,松山市,板碑（文中の板碑）,イタビ（ブンチュウノイタビ）,,,県指定有形文化財,建造物,,愛媛県松山市小浜,,33.96526265,132.6268746,,,1,基,,,1954-11-24,,,,,,,,,,,http://www.city.matsuyama.ehime.jp/kanko/kankoguide/rekishibunka/bunkazai/ken/bunchuuno_itahi.html,
382019,0000000050,愛媛県,松山市,坊っちゃん列車（機関車・客車各１両）,ボッチャンレッシャ（キカンシャ　キャクシャ）,,,県指定有形文化財,その他,,愛媛県松山市梅津寺町,,33.87549015,132.7076232,,,2,両,,,1977-01-11,,,,,,,,,,,http://www.city.matsuyama.ehime.jp/kanko/kankoguide/rekishibunka/bunkazai/ken/bocchan_ressha.html,
382019,0000000051,愛媛県,松山市,子規堂　附埋髪塔,シキドウ　ツケタリ　マイハツトウ,,,県指定史跡,その他,,愛媛県松山市末広町,,33.83479902,132.7634749,,,,,,,1948-10-28,,,,,,,,,,,http://www.city.matsuyama.ehime.jp/kanko/kankoguide/rekishibunka/bunkazai/ken/sikidou.html,
382019,0000000052,愛媛県,松山市,庚申庵,コウシンアン,,,県指定史跡,その他,,愛媛県松山市味酒町2,,33.84364411,132.754758,,,,,,,1949-09-17,,,,,,,,,,,http://www.city.matsuyama.ehime.jp/kanko/kankoguide/rekishibunka/bunkazai/ken/kousinan.html,
382019,0000000053,愛媛県,松山市,一遍上人の誕生地,イッペンショウニンノタンジョウチ,,,県指定史跡,その他,,愛媛県松山市道後湯月町,,33.85163238,132.7899856,,,,,,,1949-09-17,,,,,,,,,,,http://www.city.matsuyama.ehime.jp/kanko/kankoguide/rekishibunka/bunkazai/ken/ippen_tanjouchi.html,
382019,0000000054,愛媛県,松山市,荏原城跡,エバラジョウセキ,,,県指定史跡,その他,,愛媛県松山市恵原町,,33.76688376,132.8126487,,,,,,,1950-10-10,,,,,,,,,,,http://www.city.matsuyama.ehime.jp/kanko/kankoguide/rekishibunka/bunkazai/ken/ebarajou_ato.html,
382019,0000000055,愛媛県,松山市,松平定行の霊廟,マツダイラサダユキノレイビョウ,,,県指定史跡,その他,,愛媛県松山市祝谷東町,,33.85744673,132.7842762,,,,,,,1951-11-27,,,,,,,,,,,http://www.city.matsuyama.ehime.jp/kanko/kankoguide/rekishibunka/bunkazai/ken/sadayukino_reibyou.html,
382019,0000000056,愛媛県,松山市,松平定政の霊廟,マツダイラサダマサノレイビョウ,,,県指定史跡,その他,,愛媛県松山市祝谷東町,,33.85736576,132.7845332,,,,,,,1954-11-24,,,,,,,,,,,http://www.city.matsuyama.ehime.jp/kanko/kankoguide/rekishibunka/bunkazai/ken/sadamasano_reibyou.html,
382019,0000000057,愛媛県,松山市,足立重信の墓,アダチシゲノブノハカ,,,県指定史跡,その他,,愛媛県松山市御幸1,,33.85648826,132.7660408,,,,,,,1951-11-27,,,,,,,,,,,http://www.city.matsuyama.ehime.jp/kanko/kankoguide/rekishibunka/bunkazai/ken/shigenobuno_haka.html,
382019,0000000058,愛媛県,松山市,青地林宗の墓,アオチリンソウノハカ,,,県指定史跡,その他,,愛媛県松山市御幸1,,33.85653625,132.7660108,,,,,,,1951-11-27,,,,,,,,,,,http://www.city.matsuyama.ehime.jp/kanko/kankoguide/rekishibunka/bunkazai/ken/rinsouno_haka.html,
382019,0000000059,愛媛県,松山市,鍵谷カナの墓,カギヤカナノハカ,,,県指定史跡,その他,,愛媛県松山市西垣生町,,33.81354853,132.7031362,,,,,,,1953-02-13,,,,,,,,,,,http://www.city.matsuyama.ehime.jp/kanko/kankoguide/rekishibunka/bunkazai/ken/kagiyakanano_haka.html,
382019,0000000060,愛媛県,松山市,菊屋新助の墓,キクヤシンスケノハカ,,,県指定史跡,その他,,愛媛県松山市木屋町2,,33.84930507,132.7602283,,,,,,,1955-11-04,,,,,,,,,,,http://www.city.matsuyama.ehime.jp/kanko/kankoguide/rekishibunka/bunkazai/ken/shinsukeno_haka.html,
382019,0000000061,愛媛県,松山市,経石山古墳,キョウセキザンコフン,,,県指定史跡,その他,,愛媛県松山市桑原4,,33.83081765,132.7938376,,,,,,,1957-12-14,,,,,,,,,,,http://www.city.matsuyama.ehime.jp/kanko/kankoguide/rekishibunka/bunkazai/ken/kyousekizan_kofun.html,
382019,0000000062,愛媛県,松山市,東野お茶屋跡,ヒガシノオチャヤアト,,,県指定史跡,その他,,愛媛県松山市東野4,,33.84098662,132.8032869,,,,,,,1961-03-30,,,,,,,,,,,http://www.city.matsuyama.ehime.jp/kanko/kankoguide/rekishibunka/bunkazai/ken/higashinochaya_ato.html,
382019,0000000063,愛媛県,松山市,難波奥谷古墳,ナンバオクノタニコフン,,,県指定史跡,その他,,愛媛県松山市庄,,33.97747221,132.8066734,,,,,,,1950-10-10,,,,,,,,,,,http://www.city.matsuyama.ehime.jp/kanko/kankoguide/rekishibunka/bunkazai/ken/nanbaokunotani_kofun.html,
382019,0000000064,愛媛県,松山市,横山城跡,ヨコヤマジョウアト,,,県指定史跡,その他,,愛媛県松山市麓,,33.91964389,132.8091578,,,,,,,1953-02-13,,,,,,,,,,,http://www.city.matsuyama.ehime.jp/kanko/kankoguide/rekishibunka/bunkazai/ken/yokoyamajou_ato.html,
382019,0000000065,愛媛県,松山市,恵良城跡,エリョウジョウアト,,,県指定史跡,その他,,愛媛県松山市上難波,,33.99215543,132.8000828,,,,,,,1977-04-15,,,,,,,,,,,http://www.city.matsuyama.ehime.jp/kanko/kankoguide/rekishibunka/bunkazai/ken/eryoujou_ato.html,
382019,0000000066,愛媛県,松山市,松山城山樹叢,マツヤマシロヤマジュソウ,,,県指定天然記念物,その他,,愛媛県松山市丸之内,,33.84474683,132.7655398,,,,,,,1949-09-17,,,,,,,,,,,http://www.city.matsuyama.ehime.jp/kanko/kankoguide/rekishibunka/bunkazai/ken/siroyama_jusou.html,
382019,0000000067,愛媛県,松山市,鹿島のシカ,カシマノシカ,,,県指定天然記念物,その他,,愛媛県松山市北条辻,,33.9742036,132.7656585,,,,,,,1948-10-28,,,,,,,,,,,http://www.city.matsuyama.ehime.jp/kanko/kankoguide/rekishibunka/bunkazai/ken/kashimano_sika.html,
382019,0000000068,愛媛県,松山市,南柿,ミナミガキ,,,県指定天然記念物,その他,,愛媛県松山市本谷,,33.9300524,132.7833344,,,1,本,,,1959-03-31,,,,,,,,,,,http://www.city.matsuyama.ehime.jp/kanko/kankoguide/rekishibunka/bunkazai/ken/unmonji_minamikaki.html,
382019,0000000069,愛媛県,松山市,イブキ,イブキ,,,県指定天然記念物,その他,,愛媛県松山市宮内,,33.95050889,132.7874545,,,1,本,,,1961-03-30,,,,,,,,,,,http://www.city.matsuyama.ehime.jp/kanko/kankoguide/rekishibunka/bunkazai/ken/miyauchi_ibuki.html,
382019,0000000070,愛媛県,松山市,城の山のイブキ自生地,シロノヤマノイブキジセイチ,,,県指定天然記念物,その他,,愛媛県松山市二神,,33.93539598,132.5405473,,,,,,,1954-11-24,,,,,,,,,,,http://www.city.matsuyama.ehime.jp/kanko/kankoguide/rekishibunka/bunkazai/ken/sironoyamamo_ibuki.html,
382019,0000000071,愛媛県,松山市,層塔,ソウトウ,,,市指定有形文化財,建造物,,愛媛県松山市浄瑠璃町,,33.75811993,132.8130744,,,1,基,,,1968-10-25,,,,,,,,,,,http://www.city.matsuyama.ehime.jp/kanko/kankoguide/rekishibunka/bunkazai/shi/soutou.html,
382019,0000000072,愛媛県,松山市,宝篋印塔,ホウキョウイントウ,,,市指定有形文化財,建造物,,愛媛県松山市浄瑠璃町,,33.75812393,132.8130714,,,1,基,,,1968-10-25,,,,,,,,,,,http://www.city.matsuyama.ehime.jp/kanko/kankoguide/rekishibunka/bunkazai/shi/yasaka_houkyouintou.html,
382019,0000000073,愛媛県,松山市,釣島灯台吏員退息所及び倉庫,ツルシマトウダイリインタイソクジョオヨビソウコ,,,市指定有形文化財,建造物,,愛媛県松山市泊町,,33.89287066,132.639074,,,2,棟,,,1995-06-29,,,,,,,,,,,http://www.city.matsuyama.ehime.jp/kanko/kankoguide/rekishibunka/bunkazai/shi/turusima_kyuukansha.html,
382019,0000000074,愛媛県,松山市,日吉神社本殿,ヒヨシジンジャホンデン,,,市指定有形文化財,建造物,,愛媛県松山市南梅本町字上方,,33.8024178,132.8468428,,,1,棟,,,1999-02-16,,,,,,,,,,,http://www.city.matsuyama.ehime.jp/kanko/kankoguide/rekishibunka/bunkazai/shi/hiyoshijinnja_honden.html,
382019,0000000075,愛媛県,松山市,松山神社社殿,マツヤマジンジャシャデン,,,市指定有形文化財,建造物,,愛媛県松山市祝谷東町,,33.85672079,132.7833463,,,6,棟,,,2004-03-26,,,,,,,,,,,http://www.city.matsuyama.ehime.jp/kanko/kankoguide/rekishibunka/bunkazai/shi/matuyamajinja_shaden.html,
382019,0000000076,愛媛県,松山市,金毘羅宮御神像･本殿･拝殿,コンピラグウゴシンゾウ　ホンデン　ハイデン,,,市指定有形文化財,建造物,,愛媛県松山市庄,,33.97731923,132.8068284,,,2・１,棟・躯,,,1975-12-11,,,,,,,,,,,http://www.city.matsuyama.ehime.jp/kanko/kankoguide/rekishibunka/bunkazai/shi/shou_konpiraguu.html,
382019,0000000077,愛媛県,松山市,郡境石,グンザカイイシ,,,市指定有形文化財,建造物,,愛媛県松山市浅海本谷,,34.00716111,132.8107802,,,1,基,,,2003-08-28,,,,,,,,,,,http://www.city.matsuyama.ehime.jp/kanko/kankoguide/rekishibunka/bunkazai/shi/asanami_sakaiishi.html,
382019,0000000078,愛媛県,松山市,六地蔵の板碑,ロクジゾウノイタビ,,,市指定有形文化財,建造物,,愛媛県松山市磯河内,,33.93031422,132.768537,,,1,基,,,1963-08-23,,,,,,,,,,,http://www.city.matsuyama.ehime.jp/kanko/kankoguide/rekishibunka/bunkazai/shi/rokuzouchino_itabi.html,
382019,0000000079,愛媛県,松山市,層塔・五輪塔,ソウトウ　ゴリントウ,,,市指定有形文化財,建造物,,愛媛県松山市苞木,,33.93979825,132.7782383,,,4,基,,,1976-09-08,,,,,,,,,,,http://www.city.matsuyama.ehime.jp/kanko/kankoguide/rekishibunka/bunkazai/shi/suboki_gorintou.html,
382019,0000000080,愛媛県,松山市,石造阿弥陀如來坐像,セキゾウアミダニョライザゾウ,,,市指定有形文化財,建造物,,愛媛県松山市善応寺,,33.95132097,132.8011728,,,1,躯,,,1978-05-10,,,,,,,,,,,http://www.city.matsuyama.ehime.jp/kanko/kankoguide/rekishibunka/bunkazai/shi/zenouji_amidazazou.html,
382019,0000000081,愛媛県,松山市,貞治年間の五輪塔残欠と板碑,ジョウジネンカンノゴリントウザンケツトイタビ,,,市指定有形文化財,建造物,,愛媛県松山市長師,,33.95901817,132.6254497,,,2,基,,,1968‐10,,,,,,,,,,,http://www.city.matsuyama.ehime.jp/kanko/kankoguide/rekishibunka/bunkazai/shi/sinpukuji_zanketu.html,
382019,0000000082,愛媛県,松山市,長師河上家の石塔,ナガシカワカミケノセキトウ,,,市指定有形文化財,建造物,,愛媛県松山市長師,,33.96258113,132.6237437,,,1,基,,,1997-12-15,,,,,,,,,,,http://www.city.matsuyama.ehime.jp/kanko/kankoguide/rekishibunka/bunkazai/shi/nagasi_sekitou.html,
382019,0000000083,愛媛県,松山市,長隆寺五輪塔群,チョウリュウジゴリントウグン,,,市指定有形文化財,建造物,,愛媛県松山市中島大浦,,33.97442145,132.6183003,,,,,,,1991-04-01,,,,,,,,,,,http://www.city.matsuyama.ehime.jp/kanko/kankoguide/rekishibunka/bunkazai/shi/chouryuuji_gorintou.html,
382019,0000000084,愛媛県,松山市,僧都碑,ソウズヒ,,,市指定有形文化財,建造物,,愛媛県松山市小浜下の屋敷,,33.96930241,132.6291264,,,1,基,,,1983‐5,,,,,,,,,,,http://www.city.matsuyama.ehime.jp/kanko/kankoguide/rekishibunka/bunkazai/shi/obama_souzuhi.html,
382019,0000000085,愛媛県,松山市,宇和間港建設碑,ウワマコウケンセツヒ,,,市指定有形文化財,建造物,,愛媛県松山市宇和間,,33.96997408,132.5881037,,,1,基,,,1983‐5,,,,,,,,,,,http://www.city.matsuyama.ehime.jp/kanko/kankoguide/rekishibunka/bunkazai/shi/uwama_kensetsuhi.html,
382019,0000000086,愛媛県,松山市,桑名神社本殿,クワナジンジャホンデン,,,市指定有形文化財,建造物,,愛媛県松山市中島粟井,,33.99622679,132.6401068,,,1,棟,,,1986-12-05,,,,,,,,,,,http://www.city.matsuyama.ehime.jp/kanko/kankoguide/rekishibunka/bunkazai/shi/kuwanajinja_nonden.html,
382019,0000000087,愛媛県,松山市,北谷古墳,キタダニコフン,,,市指定史跡,その他,,愛媛県松山市福角町,,33.90443218,132.7608709,,,1,基,,,1962-11-05,,,,,,,,,,,http://www.city.matsuyama.ehime.jp/kanko/kankoguide/rekishibunka/bunkazai/shi/kitadani_kofun.html,
382019,0000000088,愛媛県,松山市,波賀部神社古墳,ハガベジンジャコフン,,,市指定史跡,その他,,愛媛県松山市高井町,,33.7969987,132.8100205,,,1,基,,,1965-11-08,,,,,,,,,,,http://www.city.matsuyama.ehime.jp/kanko/kankoguide/rekishibunka/bunkazai/shi/hakabejinja_kofun.html,
382019,0000000089,愛媛県,松山市,石手寺古墳　第１号、第２号,イシテジコフン　ダイイチゴウ　ダイニゴウ,,,市指定史跡,その他,,愛媛県松山市石手2,,33.84854629,132.795478,,,2,基,,,1967-05-24,,,,,,,,,,,http://www.city.matsuyama.ehime.jp/kanko/kankoguide/rekishibunka/bunkazai/shi/isiteji_kofun.html,
382019,0000000090,愛媛県,松山市,八ツ塚群集古墳,ヤツヅカグンシュウコフン,,,市指定史跡,その他,,愛媛県松山市恵原町,,33.76702556,132.8074792,,,8,基,,,1968-10-25,,,,,,,,,,,http://www.city.matsuyama.ehime.jp/kanko/kankoguide/rekishibunka/bunkazai/shi/yatsuduka_kofun.html,
382019,0000000091,愛媛県,松山市,三輪田米山の墓,ミワダベイザンノハカ,,,市指定史跡,その他,,愛媛県松山市鷹子町,,33.81711456,132.8077012,,,1,基,,,1970-05-18,,,,,,,,,,,http://www.city.matsuyama.ehime.jp/kanko/kankoguide/rekishibunka/bunkazai/shi/miwatabeizanno_haka.html,
382019,0000000092,愛媛県,松山市,三上是庵の墓,ミカミゼアンノハカ,,,市指定史跡,その他,,愛媛県松山市朝日ケ丘1,,33.84604093,132.7438108,,,1,基,,,1970-05-18,,,,,,,,,,,http://www.city.matsuyama.ehime.jp/kanko/kankoguide/rekishibunka/bunkazai/shi/mikamizeanno_haka.html,
382019,0000000093,愛媛県,松山市,吉田蔵澤の墓,ヨシダゾウタクノハカ,,,市指定史跡,その他,,愛媛県松山市本町5,,33.85078481,132.7581534,,,1,基,,,1970-05-18,,,,,,,,,,,http://www.city.matsuyama.ehime.jp/kanko/kankoguide/rekishibunka/bunkazai/shi/yosidazoutakuno_haka.html,
382019,0000000094,愛媛県,松山市,松本山雪の墓,マツモトサンセツノハカ,,,市指定史跡,その他,,愛媛県松山市土居町,,33.79975667,132.7896422,,,1,基,,,1981-01-19,,,,,,,,,,,http://www.city.matsuyama.ehime.jp/kanko/kankoguide/rekishibunka/bunkazai/shi/yamamotosansetu_haka.html,
382019,0000000095,愛媛県,松山市,蒲生忠知供養碑,ガモウタダトモクヨウヒ,,,市指定史跡,その他,,愛媛県松山市末広町,,33.83404714,132.7640978,,,1,基,,,1982-04-13,,,,,,,,,,,http://www.city.matsuyama.ehime.jp/kanko/kankoguide/rekishibunka/bunkazai/shi/gamoutadachika_haka.html,
382019,0000000096,愛媛県,松山市,浅山勿斎の墓,アサヤマモッサイノハカ,,,市指定史跡,その他,,愛媛県松山市祝谷東町,,33.85737376,132.7847051,,,1,基,,,1987-05-26,,,,,,,,,,,http://www.city.matsuyama.ehime.jp/kanko/kankoguide/rekishibunka/bunkazai/shi/asayamamossaino_haka.html,
382019,0000000097,愛媛県,松山市,奥平貞幹の墓,オクダイラサダモト（テイカン）ノハカ,,,市指定史跡,その他,,愛媛県松山市朝日ケ丘1,,33.84649391,132.7446357,,,1,基,,,1987-05-26,,,,,,,,,,,http://www.city.matsuyama.ehime.jp/kanko/kankoguide/rekishibunka/bunkazai/shi/okudairasadamotohaka.html,
382019,0000000098,愛媛県,松山市,山の神古戦場,ヤマノカミコセンジョウ,,,市指定史跡,その他,,愛媛県松山市小川,,33.92270352,132.7587476,,,,,,,1966-04-10,,,,,,,,,,,http://www.city.matsuyama.ehime.jp/kanko/kankoguide/rekishibunka/bunkazai/shi/yamanokami_kosenjou.html,
382019,0000000099,愛媛県,松山市,河野通清供養塔,コウノミチキヨクヨウトウ,,,市指定史跡,その他,,愛媛県松山市小川,,33.92211059,132.7585363,,,,,,,1966-04-10,,,,,,,,,,,http://www.city.matsuyama.ehime.jp/kanko/kankoguide/rekishibunka/bunkazai/shi/michikiyo_kuyoutou.html,
382019,0000000100,愛媛県,松山市,鎌大師境内,カマダイシケイダイ,,,市指定史跡,その他,,愛媛県松山市下難波,,33.9894221,132.7850208,,,,,,,1973-04-09,,,,,,,,,,,http://www.city.matsuyama.ehime.jp/kanko/kankoguide/rekishibunka/bunkazai/shi/kamadaisi_keidai.html,
382019,0000000101,愛媛県,松山市,中村三十三墓,ナカムラサンジュウサンバカ,,,市指定史跡,その他,,愛媛県松山市立岩中村字門前,,33.97570499,132.857729,,,,,,,1974-05-10,,,,,,,,,,,http://www.city.matsuyama.ehime.jp/kanko/kankoguide/rekishibunka/bunkazai/shi/sanjuusanhaka.html,
382019,0000000102,愛媛県,松山市,礎石（通称･茶臼権現）,ソセキ（ツウショウ　チャウスゴンゲン）,,,市指定史跡,その他,,愛媛県松山市河野別府,,33.94897242,132.7828133,,,,,,,1974-06-10,,,,,,,,,,,http://www.city.matsuyama.ehime.jp/kanko/kankoguide/rekishibunka/bunkazai/shi/soseki_chausugongen.html,
382019,0000000103,愛媛県,松山市,善応寺古墳（通称･河野塚）,ゼンオウジコフン（ツウショウ　コウノヅカ）,,,市指定史跡,その他,,愛媛県松山市善応寺,,33.95088089,132.79166,,,,,,,1974-06-10,,,,,,,,,,,http://www.city.matsuyama.ehime.jp/kanko/kankoguide/rekishibunka/bunkazai/shi/zennouji_kofun.html,
382019,0000000104,愛媛県,松山市,南宮の戸貝塚,ミナミミヤノトカイヅカ,,,市指定史跡,その他,,愛媛県松山市高田,,33.96825397,132.7972688,,,,,,,1978-07-10,,,,,,,,,,,http://www.city.matsuyama.ehime.jp/kanko/kankoguide/rekishibunka/bunkazai/shi/minamimiyanoto_tuka.html,
382019,0000000105,愛媛県,松山市,沼田氏五輪塔,ヌマタシゴリントウ,,,市指定史跡,その他,,愛媛県松山市柳原,,33.9552027,132.7714359,,,,,,,1979-10-08,,,,,,,,,,,http://www.city.matsuyama.ehime.jp/kanko/kankoguide/rekishibunka/bunkazai/shi/numatashi_gorintou.html,
382019,0000000106,愛媛県,松山市,白石兎遊句歌碑,シライシトユウクカヒ,,,市指定史跡,その他,,愛媛県松山市柳原,,33.9552027,132.7714359,,,,,,,1979-10-08,,,,,,,,,,,http://www.city.matsuyama.ehime.jp/kanko/kankoguide/rekishibunka/bunkazai/shi/siraisitoyuu_kukahi.html,
382019,0000000107,愛媛県,松山市,得居家墓碑群,トクイケボヒグン,,,市指定史跡,その他,,愛媛県松山市柳原,,33.9552027,132.7714359,,,,,,,1979-10-08,,,,,,,,,,,http://www.city.matsuyama.ehime.jp/kanko/kankoguide/rekishibunka/bunkazai/shi/tokuike_bohigun.html,
382019,0000000108,愛媛県,松山市,丸山古墳,マルヤマコフン,,,市指定史跡,その他,,愛媛県松山市野忽那宮ノ鼻,,33.97340466,132.6923765,,,1,基,,,1968‐10,,,,,,,,,,,http://www.city.matsuyama.ehime.jp/kanko/kankoguide/rekishibunka/bunkazai/shi/maruyama_kofun.html,
382019,0000000109,愛媛県,松山市,泰山城跡,タイノヤマジョウアト,,,市指定史跡,その他,,愛媛県松山市中島大浦・畑里,,33.98989868,132.6270572,,,,,,,1968‐10,,,,,,,,,,,http://www.city.matsuyama.ehime.jp/kanko/kankoguide/rekishibunka/bunkazai/shi/yainoyamajou_ato.html,
382019,0000000110,愛媛県,松山市,忽那嶋代官屋敷跡,クツナジマダイカンヤシキアト,,,市指定史跡,その他,,愛媛県松山市中島大浦,,33.97819864,132.6280184,,,,,,,1997-12-15,,,,,,,,,,,http://www.city.matsuyama.ehime.jp/kanko/kankoguide/rekishibunka/bunkazai/shi/kutunajimayasiki_ato.html,
382019,0000000111,愛媛県,松山市,中山古墳,ナカヤマコフン,,,市指定史跡,その他,,愛媛県松山市小浜,,33.96499973,132.6278855,,,1,基,,,1968‐10,,,,,,,,,,,http://www.city.matsuyama.ehime.jp/kanko/kankoguide/rekishibunka/bunkazai/shi/nakayama_kofun.html,
382019,0000000112,愛媛県,松山市,本山城跡,モトヤマジョウアト,,,市指定史跡,その他,,愛媛県松山市小浜大串,,33.95714873,132.6342878,,,,,,,1968‐10,,,,,,,,,,,http://www.city.matsuyama.ehime.jp/kanko/kankoguide/rekishibunka/bunkazai/shi/motoyamajou_ato.html,
382019,0000000113,愛媛県,松山市,クダコ島城塞跡,クダコジマジョウサイアト,,,市指定史跡,その他,,愛媛県松山市宇和間,,33.96893073,132.5628406,,,,,,,1968‐10,,,,,,,,,,,http://www.city.matsuyama.ehime.jp/kanko/kankoguide/rekishibunka/bunkazai/shi/kudakojima_jousaiato.html,
382019,0000000114,愛媛県,松山市,お茶屋跡,オチャヤアト,,,市指定史跡,その他,,愛媛県松山市津和地,,33.98213283,132.5131471,,,,,,,1982-08-19,,,,,,,,,,,http://www.city.matsuyama.ehime.jp/kanko/kankoguide/rekishibunka/bunkazai/shi/tuwaji_ochayaato.html,
382019,0000000115,愛媛県,松山市,常燈の鼻,ジョウトウノハナ,,,市指定史跡,その他,,愛媛県松山市津和地,,33.98283129,132.5198547,,,,,,,1982-08-20,,,,,,,,,,,http://www.city.matsuyama.ehime.jp/kanko/kankoguide/rekishibunka/bunkazai/shi/joutouno_hana.html,
382019,0000000116,愛媛県,松山市,梅の子島砦跡,ウメノコトウトリデアト,,,市指定史跡,その他,,愛媛県松山市睦月,,33.97163592,132.6724439,,,,,,,1968‐10,,,,,,,,,,,http://www.city.matsuyama.ehime.jp/kanko/kankoguide/rekishibunka/bunkazai/shi/umenokojima_toride.html,
382019,0000000117,愛媛県,松山市,梅の子本城跡,ウメノコホンジョウアト,,,市指定史跡,その他,,愛媛県松山市睦月,,33.96803308,132.6680135,,,,,,,2004-12-15,,,,,,,,,,,http://www.city.matsuyama.ehime.jp/kanko/kankoguide/rekishibunka/bunkazai/shi/umenokohonjou_ato.html,
382019,0000000118,愛媛県,松山市,三本杉,サンボンスギ,,,市指定天然記念物,その他,,愛媛県松山市福見川町,,33.89036209,132.8739806,,,2,本,,,1962-11-05,,,,,,,,,,,http://www.city.matsuyama.ehime.jp/kanko/kankoguide/rekishibunka/bunkazai/shi/fukumigawasanbonsugi.html,
382019,0000000119,愛媛県,松山市,うば桜,ウバザクラ,,,市指定天然記念物,その他,,愛媛県松山市南江戸5,,33.84166442,132.7422439,,,1,本,,,1962-11-05,,,,,,,,,,,http://www.city.matsuyama.ehime.jp/kanko/kankoguide/rekishibunka/bunkazai/shi/taihouji_ubazakura.html,
382019,0000000120,愛媛県,松山市,西法寺境内の薄墨桜,サイホウジケイダイノウスズミザクラ,,,市指定天然記念物,その他,,愛媛県松山市下伊台町,,33.87549357,132.8050178,,,,,,,1962-11-05,,,,,,,,,,,http://www.city.matsuyama.ehime.jp/kanko/kankoguide/rekishibunka/bunkazai/shi/saihouji_sakura.html,
382019,0000000121,愛媛県,松山市,ていれぎ,テイレギ,,,市指定天然記念物,その他,,愛媛県松山市高井町968,,33.79367593,132.814807,,,,,,,1962-11-05,,,,,,,,,,,http://www.city.matsuyama.ehime.jp/kanko/kankoguide/rekishibunka/bunkazai/shi/teiregi.html,
382019,0000000122,愛媛県,松山市,砂八ツ目,スナヤツメ,,,市指定天然記念物,その他,,愛媛県松山市高井町968,,33.79367101,132.8149353,,,,,,,1962-11-05,,,,,,,,,,,http://www.city.matsuyama.ehime.jp/kanko/kankoguide/rekishibunka/bunkazai/shi/sunayatsume.html,
382019,0000000123,愛媛県,松山市,いすの木,イスノキ,,,市指定天然記念物,その他,,愛媛県松山市泉町122,,33.83223044,132.7659616,,,1,本,,,1962-11-05,,,,,,,,,,,http://www.city.matsuyama.ehime.jp/kanko/kankoguide/rekishibunka/bunkazai/shi/yakusiji_isunoki.html,
382019,0000000124,愛媛県,松山市,みかえりの桜,ミカエリノサクラ,,,市指定天然記念物,その他,,愛媛県松山市石手2-9-21,,33.8475368,132.7975963,,,1,本,,,1963-11-01,,,,,,,,,,,http://www.city.matsuyama.ehime.jp/kanko/kankoguide/rekishibunka/bunkazai/shi/mikaerino_sakura.html,
382019,0000000125,愛媛県,松山市,にっぽんたちばな,ニッポンタチバナ,,,市指定天然記念物,その他,,愛媛県松山市北立花町2-4,,33.8343644,132.772056,,,1,本,,,1967-05-24,,,,,,,,,,,http://www.city.matsuyama.ehime.jp/kanko/kankoguide/rekishibunka/bunkazai/shi/nippontachibana.html,
382019,0000000126,愛媛県,松山市,磐神社社叢,イワガミジンジャシャソウ,,,市指定天然記念物,その他,,愛媛県松山市門田町,,33.91574114,132.6863891,,,,,,,1968-02-21,,,,,,,,,,,http://www.city.matsuyama.ehime.jp/kanko/kankoguide/rekishibunka/bunkazai/shi/iwagamijinja_shasou.html,
382019,0000000127,愛媛県,松山市,クスノキ,クスノキ,,,市指定天然記念物,その他,,愛媛県松山市窪野町1125,,33.73847858,132.8530063,,,1,本,,,1968-10-25,,,,,,,,,,,http://www.city.matsuyama.ehime.jp/kanko/kankoguide/rekishibunka/bunkazai/shi/shouhachimankusunoki.html,
382019,0000000128,愛媛県,松山市,イブキビャクシン,イブキビャクシン,,,市指定天然記念物,その他,,愛媛県松山市浄瑠璃町282,,33.75375869,132.8188807,,,3,本,,,1968-10-25,,,,,,,,,,,http://www.city.matsuyama.ehime.jp/kanko/kankoguide/rekishibunka/bunkazai/shi/ibukibyakusin_3hon.html,
382019,0000000129,愛媛県,松山市,葛掛五社神社社叢及び蛇の釜並びに龍王渕衝上断層,カツラカケゴシャジンジャシャソウオヨビジャノカマナラビニリュウオウブチツキアゲダンソウ,,,市指定天然記念物,その他,,愛媛県松山市久谷町甲1717,,33.71950313,132.8382722,,,,,,,1968-10-25,,,,,,,,,,,http://www.city.matsuyama.ehime.jp/kanko/kankoguide/rekishibunka/bunkazai/shi/katurakakegoshajinja.html,
382019,0000000130,愛媛県,松山市,ソテツ,ソテツ,,,市指定天然記念物,その他,,愛媛県松山市平井町,,33.81885458,132.8282824,,,1,本,,,1968-10-25,,,,,,,,,,,http://www.city.matsuyama.ehime.jp/kanko/kankoguide/rekishibunka/bunkazai/shi/hiraimachi_sotetsu.html,
382019,0000000131,愛媛県,松山市,十六日桜,ジュウロクニチザクラ,,,市指定天然記念物,その他,,愛媛県松山市御幸1-267,,33.85809688,132.7641707,,,10,本,,,1970-05-18,,,,,,,,,,,http://www.city.matsuyama.ehime.jp/kanko/kankoguide/rekishibunka/bunkazai/shi/juurokunichizakura.html,
382019,0000000132,愛媛県,松山市,十六日桜,ジュウロクニチザクラ,,,市指定天然記念物,その他,,愛媛県松山市御幸1-603,,33.85752714,132.7668987,,,3,本,,,1970-05-18,,,,,,,,,,,http://www.city.matsuyama.ehime.jp/kanko/kankoguide/rekishibunka/bunkazai/shi/juurokunichizakura.html,
382019,0000000133,愛媛県,松山市,椿,ツバキ,,,市指定天然記念物,その他,,愛媛県松山市河中町295,,33.90112679,132.8696478,,,1,本,,,1973-08-19,,,,,,,,,,,http://www.city.matsuyama.ehime.jp/kanko/kankoguide/rekishibunka/bunkazai/shi/kawanaka_tsubaki.html,
382019,0000000134,愛媛県,松山市,オオムラサキ,オオムラサキ,,,市指定天然記念物,その他,,愛媛県松山市久万の台1751,,33.85951983,132.739354,,,1,本,,,1974-06-14,,,,,,,,,,,http://www.city.matsuyama.ehime.jp/kanko/kankoguide/rekishibunka/bunkazai/shi/oomurasaki.html,
382019,0000000135,愛媛県,松山市,ナンジャモンジャの木,ナンジャモンジャノキ,,,市指定天然記念物,その他,,愛媛県松山市丸之内78-1,,33.84499997,132.7719791,,,2,本,,,1976-03-08,,,,,,,,,,,http://www.city.matsuyama.ehime.jp/kanko/kankoguide/rekishibunka/bunkazai/shi/nanjamonjano_ki.html,
382019,0000000136,愛媛県,松山市,宮内伊予柑母樹,ミヤウチイヨカンボジュ,,,市指定天然記念物,その他,,愛媛県松山市平田町乙65,,33.88469771,132.7581948,,,1,本,,,1977-03-25,,,,,,,,,,,http://www.city.matsuyama.ehime.jp/kanko/kankoguide/rekishibunka/bunkazai/shi/miyauchiiyokan_boju.html,
382019,0000000137,愛媛県,松山市,アカガシ,アカガシ,,,市指定天然記念物,その他,,愛媛県松山市川の郷町今治谷,,33.87933292,132.8826074,,,1,本,,,1981-04-20,,,,,,,,,,,http://www.city.matsuyama.ehime.jp/kanko/kankoguide/rekishibunka/bunkazai/shi/kawanogou_akagasi.html,
382019,0000000138,愛媛県,松山市,おがたまのき,オガタマノキ,,,市指定天然記念物,その他,,愛媛県松山市東石井町272,,33.81728069,132.7766543,,,1,本,,,1981-10-20,,,,,,,,,,,http://www.city.matsuyama.ehime.jp/kanko/kankoguide/rekishibunka/bunkazai/shi/ogatamano_ki.html,
382019,0000000139,愛媛県,松山市,カヤの木,カヤノキ,,,市指定天然記念物,その他,,愛媛県松山市平田町1121,,33.88529993,132.7542154,,,1,本,,,1987-05-26,,,,,,,,,,,http://www.city.matsuyama.ehime.jp/kanko/kankoguide/rekishibunka/bunkazai/shi/hiratachou_kayanoki.html,
382019,0000000140,愛媛県,松山市,金龍桜,キンリュウザクラ,,,市指定天然記念物,その他,,愛媛県松山市東野4-442,,33.84086372,132.8055736,,,1,本,,,1988-09-07,,,,,,,,,,,http://www.city.matsuyama.ehime.jp/kanko/kankoguide/rekishibunka/bunkazai/shi/kinryuuzakura.html,
382019,0000000141,愛媛県,松山市,イブキビャクシンの自然林,イブキビャクシンノシゼンリン,,,市指定天然記念物,その他,,愛媛県松山市上難波乙559-1,,33.99305737,132.8009496,,,,,,,1963-02-16,,,,,,,,,,,http://www.city.matsuyama.ehime.jp/kanko/kankoguide/rekishibunka/bunkazai/shi/eryou_ibukibyakusin.html,
382019,0000000142,愛媛県,松山市,積善寺の蘇鉄,シャクゼンジノソテツ,,,市指定天然記念物,その他,,愛媛県松山市鹿峰203,,33.94129898,132.7693091,,,1,本,,,1972-11-15,,,,,,,,,,,http://www.city.matsuyama.ehime.jp/kanko/kankoguide/rekishibunka/bunkazai/shi/shakuzenjoi_sotetsu.html,
382019,0000000143,愛媛県,松山市,明見神社の自然林,ミョウケンジンジャノシゼンリン,,,市指定天然記念物,その他,,愛媛県松山市立岩中村甲199,,33.9737471,132.8555053,,,,,,,1974-05-10,,,,,,,,,,,http://www.city.matsuyama.ehime.jp/kanko/kankoguide/rekishibunka/bunkazai/shi/myoukenjinja_hayashi.html,
382019,0000000144,愛媛県,松山市,くすのき,クスノキ,,,市指定天然記念物,その他,,愛媛県松山市尾儀原甲170-1,,33.97657183,132.8285351,,,1,本,,,1978-05-10,,,,,,,,,,,http://www.city.matsuyama.ehime.jp/kanko/kankoguide/rekishibunka/bunkazai/shi/ogiwara_kusunoki.html,
382019,0000000145,愛媛県,松山市,イヨスミレ,イヨスミレ,,,市指定天然記念物,その他,,愛媛県松山市下難波乙116-9,,33.989544,132.7853147,,,,,,,1982-08-11,,,,,,,,,,,http://www.city.matsuyama.ehime.jp/kanko/kankoguide/rekishibunka/bunkazai/shi/simonanba_iyosumire.html,
382019,0000000146,愛媛県,松山市,忽那島八幡神宮樹叢,クツナジマハチマングウジュソウ,,,市指定天然記念物,その他,,愛媛県松山市中島大浦,,33.97214203,132.6264426,,,,,,,1968‐10,,,,,,,,,,,http://www.city.matsuyama.ehime.jp/kanko/kankoguide/rekishibunka/bunkazai/shi/hachimanjinguu_jusou.html,
382019,0000000147,愛媛県,松山市,びゃくしん,ビャクシン,,,市指定天然記念物,その他,,愛媛県松山市中島大浦2194,,33.97559754,132.6222019,,,1,本,,,1968‐10,,,,,,,,,,,http://www.city.matsuyama.ehime.jp/kanko/kankoguide/rekishibunka/bunkazai/shi/jougenji_byakushin.html,
382019,0000000148,愛媛県,松山市,大楠,オオグス,,,市指定天然記念物,その他,,愛媛県松山市中島大浦1171,,33.98258228,132.6279853,,,1,本,,,1968‐10,,,,,,,,,,,http://www.city.matsuyama.ehime.jp/kanko/kankoguide/rekishibunka/bunkazai/shi/zenchouji_ookusu.html,
382019,0000000149,愛媛県,松山市,びゃくしん,ビャクシン,,,市指定天然記念物,その他,,愛媛県松山市小浜甲882,,33.96889643,132.6288804,,,1,本,,,1968‐10,,,,,,,,,,,http://www.city.matsuyama.ehime.jp/kanko/kankoguide/rekishibunka/bunkazai/shi/obama_byakushin.html,
382019,0000000150,愛媛県,松山市,むく,ムク,,,市指定天然記念物,その他,,愛媛県松山市小浜甲882,,33.96889743,132.6288584,,,1,本,,,1968‐10,,,,,,,,,,,http://www.city.matsuyama.ehime.jp/kanko/kankoguide/rekishibunka/bunkazai/shi/obama_muku.html,
382019,0000000151,愛媛県,松山市,庚申岩,コウシンイワ,,,市指定天然記念物,その他,,愛媛県松山市小浜甲1508,,33.97063461,132.6347479,,,,,,,1992-11-19,,,,,,,,,,,http://www.city.matsuyama.ehime.jp/kanko/kankoguide/rekishibunka/bunkazai/shi/koushin_iwa.html,
382019,0000000152,愛媛県,松山市,うばめがしの群生,ウバメガシノグンセイ,,,市指定天然記念物,その他,,愛媛県松山市中島粟井1232,,33.9960828,132.6400638,,,,,,,1968‐10,,,,,,,,,,,http://www.city.matsuyama.ehime.jp/kanko/kankoguide/rekishibunka/bunkazai/shi/kuwanajinjaubamegasi.html,
382019,0000000153,愛媛県,松山市,カヤの神木,カヤノシンボク,,,市指定天然記念物,その他,,愛媛県松山市中島粟井1232,,33.9961368,132.6401068,,,1,本,,,1968‐10,,,,,,,,,,,http://www.city.matsuyama.ehime.jp/kanko/kankoguide/rekishibunka/bunkazai/shi/kuwanajinja_kaya.html,
382019,0000000154,愛媛県,松山市,夫婦楠,メオトクス,,,市指定天然記念物,その他,,愛媛県松山市睦月1181,,33.95922555,132.6627892,,,1,本,,,1968‐10,,,,,,,,,,,http://www.city.matsuyama.ehime.jp/kanko/kankoguide/rekishibunka/bunkazai/shi/muduki_fuufukusu.html,
382019,0000000155,愛媛県,松山市,愛媛大学附属中学校講堂（旧制松山高等学校講堂）,エヒメダイガクフゾクチュウガッコウコウドウ（キュウセイマツヤマコウトウガッコウコウドウ）,,,登録有形文化財,建造物,,愛媛県松山市持田町1-5,,33.84225469,132.7820661,,,1,棟,,,1998-09-02,,,,,,,,,,,http://www.city.matsuyama.ehime.jp/kanko/kankoguide/rekishibunka/bunkazai/kunitouroku/fuzokuchuu_koudou.html,
382019,0000000156,愛媛県,松山市,石崎汽船本社,イシザキキセンホンシャ,,,登録有形文化財,建造物,,愛媛県松山市三津1-4-9,,33.86525558,132.7114562,,,1,棟,,,2001-04-24,,,,,,,,,,,http://www.city.matsuyama.ehime.jp/kanko/kankoguide/rekishibunka/bunkazai/kunitouroku/isizakikisen_honsha.html,
382019,0000000157,愛媛県,松山市,鍵谷カナ頌功堂,カギヤカナショウコウドウ,,,登録有形文化財,建造物,,愛媛県松山市西垣生町1250,,33.81326928,132.703936,,,1,棟,,,2001-08-28,,,,,,,,,,,http://www.city.matsuyama.ehime.jp/kanko/kankoguide/rekishibunka/bunkazai/kunitouroku/kagiyakana_shoukoudo.html,
382019,0000000158,愛媛県,松山市,愛媛県教育会館,エヒメケンキョウイクカイカン,,,登録有形文化財,建造物,,愛媛県松山市北持田町131,,33.84505912,132.7767787,,,1,棟,,,2003-07-01,,,,,,,,,,,http://www.city.matsuyama.ehime.jp/kanko/kankoguide/rekishibunka/bunkazai/kunitouroku/ehime_kyouikukaikan.html,
382019,0000000159,愛媛県,松山市,松山地方気象台,マツヤマチホウキショウダイ,,,登録有形文化財,建造物,,愛媛県松山市北持田町102,,33.84370734,132.7775996,,,1,棟,,,2006-03-27,,,,,,,,,,,http://www.city.matsuyama.ehime.jp/kanko/kankoguide/rekishibunka/bunkazai/kunitouroku/matsuya_makishoudai.html,
382019,0000000160,愛媛県,松山市,四十島(ターナー島),シジュウシマ（ターナートウ）,,,登録記念物（名勝地関係）,その他,,愛媛県松山市高浜1,,33.87873455,132.696866,,,,,,,2007-02-06,,,,,,,,,,,http://www.city.matsuyama.ehime.jp/kanko/kankoguide/rekishibunka/bunkazai/kunitouroku/ta-na-tou.html,
382019,0000000161,愛媛県,松山市,松山城跡,マツヤマジョウセキ,,,史跡,その他,,愛媛県松山市丸之内,,33.84413701,132.7641921,,,,,,,1952-03-29,,,,,,,,,,,http://www.city.matsuyama.ehime.jp/kanko/kankoguide/rekishibunka/bunkazai/kuni/matsuyamajou_ato.html,
382019,0000000162,愛媛県,松山市,千手杉,センジュスギ,,,市指定天然記念物,その他,,愛媛県松山市横谷乙441-4,,33.94568612,132.852748,,,1,本,,,2009-02-20,,,,,,,,,,,http://www.city.matsuyama.ehime.jp/kanko/kankoguide/rekishibunka/bunkazai/shi/takanawaji_senjusugi.html,
382019,0000000163,愛媛県,松山市,森家住宅主屋,モリケジュウタクシュオク,,,登録有形文化財,建造物,,愛媛県松山市三津1,,33.86523971,132.7123243,,,1,棟,,,2010-01-15,,,,,,,,,,,http://www.city.matsuyama.ehime.jp/kanko/kankoguide/rekishibunka/bunkazai/kunitouroku/morikejuutaku.html,
382019,0000000164,愛媛県,松山市,葉佐池古墳,ハザイケコフン,,,史跡,その他,,愛媛県松山市北梅本町,,33.81426784,132.8476442,,,,,,,2011-02-07,,,,,,,,,,,http://www.city.matsuyama.ehime.jp/kanko/kankoguide/rekishibunka/bunkazai/kuni/hazaike_kofun.html,
382019,0000000165,愛媛県,松山市,賀茂神社本殿,カモジンジャホンデン,,,市指定有形文化財,建造物,,愛媛県松山市畑里,,33.99116254,132.6213993,,,1,棟,,,1987-02-16,,,,,,,,,,,http://www.city.matsuyama.ehime.jp/kanko/kankoguide/rekishibunka/bunkazai/shi/kamojinja_monden.html,
382019,0000000166,愛媛県,松山市,八束家住宅主屋,ヤツヅカケジュウタクシュオク,,,登録有形文化財,建造物,,愛媛県松山市持田町3-242-1,,33.84367217,132.7814531,,,1,棟,,,2015-08-04,,,,,,,,,,,http://www.city.matsuyama.ehime.jp/kanko/kankoguide/rekishibunka/bunkazai/kunitouroku/yatsuduka_shuoku.html,
382019,0000000167,愛媛県,松山市,八束家住宅蔵,ヤツヅカケジュウタククラ,,,登録有形文化財,建造物,,愛媛県松山市持田町3-242-1,,33.84377292,132.7813374,,,1,棟,,,2015-08-04,,,,,,,,,,,http://www.city.matsuyama.ehime.jp/kanko/kankoguide/rekishibunka/bunkazai/kunitouroku/yatsuduka_kura.html,
382019,0000000168,愛媛県,松山市,八束家住宅待合,ヤツヅカケジュウタクマチアイ,,,登録有形文化財,建造物,,愛媛県松山市持田町3-242-1,,33.84353706,132.7814744,,,1,棟,,,2015-08-04,,,,,,,,,,,http://www.city.matsuyama.ehime.jp/kanko/kankoguide/rekishibunka/bunkazai/kunitouroku/yatsuzuka_machiai.html,
382019,0000000169,愛媛県,松山市,水口酒造店舗兼主屋,ミナクチシュゾウテンポケンシュオク,,,登録有形文化財,建造物,,愛媛県松山市道後喜多町975,,33.85117,132.782282,,,1,棟,,,2016-11-29,,,,,,,,,,,http://www.city.matsuyama.ehime.jp/kanko/kankoguide/rekishibunka/bunkazai/kunitouroku/yatsuzuka_machiai.html,
